<?xml version="1.0" encoding="UTF-8"?>
<project-private xmlns="http://www.netbeans.org/ns/project-private/1">
    <editor-bookmarks xmlns="http://www.netbeans.org/ns/editor-bookmarks/2" lastBookmarkId="0"/>
    <open-files xmlns="http://www.netbeans.org/ns/projectui-open-files/2">
        <group>
            <file>file:/C:/Users/Marsha%20Nabila%20L/OneDrive/Documents/NetBeansProjects/tokoatk/web/home.jsp</file>
            <file>file:/C:/Users/Marsha%20Nabila%20L/OneDrive/Documents/NetBeansProjects/tokoatk/web/formlogin.view.jsp</file>
            <file>file:/C:/Users/Marsha%20Nabila%20L/OneDrive/Documents/NetBeansProjects/tokoatk/web/home.view.jsp</file>
            <file>file:/C:/Users/Marsha%20Nabila%20L/OneDrive/Documents/NetBeansProjects/tokoatk/web/formlogin.jsp</file>
            <file>file:/C:/Users/Marsha%20Nabila%20L/OneDrive/Documents/NetBeansProjects/tokoatk/web/login.jsp</file>
        </group>
    </open-files>
</project-private>
